{
  "accuracy": 0.5310138093047876,
  "mse": 0.30648522358528246,
  "r2_score": 0.5310138093047876
}